title,thumbnail,link,viewcount,age
Revise through PYQs || Magnetic Effects of Electric Current - Class 10th Physics,https://i.ytimg.com/vi/ZNHlCezYN1I/hqdefault.jpg,https://www.youtube.com/watch?v=-osuIPJkPWg,11K views,2 hours ago
Revise through PYQs || Human Eye and the Colourful World - Class 10th Physics,https://i.ytimg.com/vi/6Mht7UigC_w/hqdefault.jpg,https://www.youtube.com/watch?v=VsKb_U2-Cx0,35K views,3 hours ago
Revise through PYQs || Electricity - Class 10th Physics,https://i.ytimg.com/vi/WObRrneLVRY/hqdefault.jpg,https://www.youtube.com/watch?v=ZNHlCezYN1I,38K views,8 hours ago
Revise through PYQs || Light - Class 10th Physics,https://i.ytimg.com/vi/nX5ONgCdLcc/hqdefault.jpg,https://www.youtube.com/watch?v=nNmV-fuGW5c,11K views,12 hours ago
NEW Batches for Class 10 \u0026 9 - Session 2023-24 || NEEV and UDAAN Batch Launch üöÄ,https://i.ytimg.com/vi/AM2Dt7cNebw/hqdefault.jpg,https://www.youtube.com/watch?v=6Mht7UigC_w,185K views,14 hours ago
‡§Ü‡§™‡§ï‡•ã Commerce ‡§Æ‡•á‡§Ç ‡§ï‡•ç‡§Ø‡§æ ‡§∏‡•Ä‡§ñ‡§®‡•á ‡§ï‡•ã ‡§Æ‡§ø‡§≤‡§§‡§æ ‡§π‡•à ?? Complete Information,https://i.ytimg.com/vi/7nMJVhey9TM/hqdefault.jpg,https://www.youtube.com/watch?v=WObRrneLVRY,59K views,2 days ago
How to Attempt English Board Exam ????,https://i.ytimg.com/vi/FSVVlcFUCMk/hqdefault.jpg,https://www.youtube.com/watch?v=nX5ONgCdLcc,24K views,6 days ago
Best technique to attempt SST paper in Board exam || Class 10th,https://i.ytimg.com/vi/vKxdTuOirnI/hqdefault.jpg,https://www.youtube.com/watch?v=AM2Dt7cNebw,30K views,7 days ago
Last Minute Strategy To Score More Than 98% || ICSE Boards || Class-10th,https://i.ytimg.com/vi/hC86u4g6QPk/hqdefault.jpg,https://www.youtube.com/watch?v=7nMJVhey9TM,343K views,8 days ago
Why You Should Choose Commerce After 10th? || Complete InformationüíØ,https://i.ytimg.com/vi/7O5MY8Y1JCE/hqdefault.jpg,https://www.youtube.com/watch?v=FSVVlcFUCMk,26K views,9 days ago
